quote,topic
"Reticulating Splines... but for Interns.",Vibecoding
"Calculating how much sleep you've lost...",Intern Struggles
"Avoiding the 'Black Screen of Death'...",Tech Humor
"Convincing Python that 0.001 equals zero...",Tech Humor
"Removing rose gold filters... by 💅 Support's demand.",Sassy Support
"Hiding the database from 💅 The Inquirer...",Sassy Support
"Calibrating the 'Clockwork' heart...",Vibecoding
"Polishing heatmaps until they bleed scarlet...",Vibecoding
"Downloading more RAM for the Sidecar...",Tech Humor
"Consulting the Ramsey Protocol for sassy advice...",Sassy Support
"Teaching the Bat (Night Owl) how to read a clock...",Night Owl
"Normalizing your Afternoon coffee intake...",Intern Struggles
"Syncing with the Great Grandfather Clock...",Time Puns
"Ignoring boss emails during boot sequence...",Intern Struggles
"Wait, did I leave the oven on? No, just Flask.",Tech Humor
"Optimizing temporal intensity gradients...",Vibecoding
"De-bloating your productivity guilt...",Intern Struggles
"Initializing the 'Vibecoding' buffer...",Vibecoding
"Ensuring your internship isn't a simulation...",Existential Dread
"Evicting Seaborn from the premises...",Tech Humor
"Installing Chart.js... it's lighter, we promise.",Tech Humor
"Drawing scarlet bars on a canvas...",Vibecoding
"Loading 4 chart views for your viewing pleasure...",Vibecoding
"Calculating your EXP bar. RANK: APPRENTICE.",Intern Struggles
"Printing your proof of existence on thermal paper...",Thermal Printing
"Formatting hours to H:MM so math is optional...",Time Puns
"Consulting the RPG Intern Council...",Intern Struggles
"Checking if you're GRINDING or IDLE today...",Intern Struggles
"Area charts are cooler than pie charts. Fact.",Tech Humor
"Monthly breakdown loading... no spoilers.",Vibecoding
"Better Late Than Never Rendering...",Time Puns
"I'm having a 'second' thought about this internship...",Time Puns
"Why did the intern cross the road? To get to the coffee shop.",Intern Jokes
"Filing for bankruptcy? No, just filing documents for 8 hours.",Intern Jokes
"Experience is what you get when you didn't get what you wanted.",Intern Struggles
"Calculating the optimal path for a 15-minute bathroom break...",Intern Struggles
"Wait, is it still Monday? My internal clock is lagging.",Time Puns
"Searching for the 'Any' key to avoid working...",Tech Humor
"Compiling your resume with 90% hope and 10% actual skills...",Intern Struggles
"Asking the printer to stop sensing your fear...",Office Absurdity
"If time is money, I'm currently in severe debt.",Time Puns
"The only thing more organized than this app is my excuses for being late.",Intern Struggles
"A minute of filing feels like an hour of gaming.",Time Puns
"Translating 'As per my previous email' into 'Listen here, you...'",Office Absurdity
"Asking the database if it believes in life after lunch...",Tech Humor
"Calculating the probability of a surprise holiday...",Time Puns
"Adding 'Professional Googler' to your list of skills...",Intern Struggles
"Synchronizing your sighs with the office AC unit...",Office Absurdity
"Warning: Intern might be running on 10% caffeine and 90% panic.",Intern Struggles
"Fetching the coffee... and the will to stay until 4:30.",Intern Struggles
"Time is relative, but my supervisor is absolute.",Time Puns
"Trying to find the 'Dark Mode' for my actual life...",Existential Dread
"Consulting the OJT Maid for scheduling forgiveness...",Sassy Support
"A 'quick meeting' is never actually quick.",Office Absurdity
"I put the 'pro' in procrastination.",Intern Jokes
"My career path is currently a loading screen.",Existential Dread
"Asking the clock to run at 2x speed until Friday.",Time Puns
"Updating 'Problem Solver' to 'Stack Overflow Copy-Paster'.",Tech Humor
"Interning is like a free trial of adulthood that I want to cancel.",Intern Struggles
"The excel sheet is looking at me like I owe it money.",Office Absurdity
"Calculating how many calories are in a stressful email.",Intern Struggles
"Does this internship come with a 'Skip Intro' button?",Intern Jokes
"My brain has too many tabs open.",Existential Dread
"If I'm 'Idle', it just means I'm buffering.",Intern Struggles
"Warning: Low productivity detected. Insert coffee to continue.",Intern Struggles
"I'm not late, I'm just on a different timezone of success.",Time Puns
"Searching for the 'Undo' button on my yesterday.",Time Puns
"My productivity is inversely proportional to how close it is to 4:00 PM.",Time Puns
"The office plant is my only true confidant.",Office Absurdity
"Is 'Endless Scrolling' a valid job skill?",Intern Struggles
"If you see me staring at a wall, I'm actually 'Compiling'.",Tech Humor
"Asking the Wi-Fi to be as strong as my morning coffee.",Tech Humor
"I'm not an intern, I'm a 'Short-Term Human Resource'.",Intern Jokes
"Life is what happens while you're waiting for Excel to respond.",Office Absurdity
"Calculating the ROI on my sanity.",Existential Dread
"I have a degree in 'Muting myself on Zoom'.",Intern Struggles
"Telling my bed I'll be back in 8 hours. It's a long distance relationship.",Intern Struggles
"My resume is basically a work of fiction at this point.",Intern Struggles
"If I had a nickel for every time I refreshed this page...",Time Puns
"Just another day of being the 'Chief Scanning Officer'.",Intern Jokes
"Asking the sun to stay up until I finish my logs.",Night Owl
"My internal clock is set to 'Hibernation Mode'.",Time Puns
"Calculating the wind-chill factor of the office AC.",Office Absurdity
"If 'Checking the fridge' was an Olympic sport...",Intern Jokes
"Warning: Intern is currently operating in 'Safe Mode'.",Tech Humor
"I'm not lazy, I'm just highly motivated to do nothing.",Intern Jokes
"Searching for the 'Mute' button for my coworkers.",Office Absurdity
"My only 'Core Competency' is knowing where the good snacks are.",Intern Struggles
"Asking the database for a sign. It returned 'NULL'.",Tech Humor
"I'm on a 486-hour spiritual journey. It's mostly spreadsheets.",Intern Struggles
"The clock is ticking, but I'm just tocking.",Time Puns
"Interning: The art of looking busy while doing nothing.",Intern Jokes
"My career goal is to have a desk that doesn't wobble.",Intern Struggles
"Asking the internet why my code works. It doesn't know either.",Tech Humor
"I'm not a 'Newbie', I'm a 'Version 1.0 Human'.",Tech Humor
"Calculating the speed of light... and the speed of my lunch break.",Time Puns
"If life gives you lemons, log them as 'Inventory'.",Office Absurdity
"I'm currently 'In Beta'. Expect bugs.",Existential Dread
"My spirit animal is a '404 Not Found' error.",Existential Dread
"Fetching the 'Will to Work' from a remote server...",Intern Struggles
"Finalizing the 100th quote... almost there!",Vibecoding
